CreditScore,Gender,Age,Tenure,Balance,NumOfProducts,HasCrCard,IsActiveMember,EstimatedSalary,Exited,Complain,Satisfaction Score,Card Type,Point Earned,Geography_France,Geography_Germany,Geography_Spain
-1.0654328108983506,1,-0.1333064513058474,1.370972034144688,0.5204686685179288,-0.9320458121294666,0.6441566264008307,0.9815964903490859,0.47982940405575525,0,0,1.4092206362729869,3,-1.6409546806094395,0,1,0
