RowNumber,CustomerId,Surname,CreditScore,Geography,Gender,Age,Tenure,Balance,NumOfProducts,HasCrCard,IsActiveMember,EstimatedSalary,Exited,Complain,Satisfaction Score,Card Type,Point Earned
310,15746726,Doyle,-2.1530581021132376,Germany,Male,-0.7624760000296383,1.019202686030814,0.007008060191244378,-0.9320458121294666,0.6441566264008307,-1.0187485487487524,-0.9558544340657666,0,0,0.7020179328600531,PLATINUM,0.8792823579599179
